[{"model": "admin.logentry", "pk": 1, "fields": {"action_time": "2021-09-30T21:22:35.762Z", "user": 1, "content_type": 7, "object_id": "1", "object_repr": "Fuses", "action_flag": 1, "change_message": "[{\"added\": {}}]"}}, {"model": "admin.logentry", "pk": 2, "fields": {"action_time": "2021-09-30T21:22:44.684Z", "user": 1, "content_type": 7, "object_id": "2", "object_repr": "Lightning", "action_flag": 1, "change_message": "[{\"added\": {}}]"}}, {"model": "admin.logentry", "pk": 3, "fields": {"action_time": "2021-09-30T21:23:06.350Z", "user": 1, "content_type": 10, "object_id": "1", "object_repr": "tubo de 10\"", "action_flag": 1, "change_message": "[{\"added\": {}}]"}}, {"model": "admin.logentry", "pk": 4, "fields": {"action_time": "2021-09-30T21:23:16.045Z", "user": 1, "content_type": 10, "object_id": "2", "object_repr": "tubo de 12\"", "action_flag": 1, "change_message": "[{\"added\": {}}]"}}, {"model": "admin.logentry", "pk": 5, "fields": {"action_time": "2021-09-30T21:23:23.438Z", "user": 1, "content_type": 10, "object_id": "3", "object_repr": "tubo de 14\"", "action_flag": 1, "change_message": "[{\"added\": {}}]"}}, {"model": "admin.logentry", "pk": 6, "fields": {"action_time": "2021-09-30T21:23:33.785Z", "user": 1, "content_type": 10, "object_id": "4", "object_repr": "tubo de 16\"", "action_flag": 1, "change_message": "[{\"added\": {}}]"}}, {"model": "admin.logentry", "pk": 7, "fields": {"action_time": "2021-09-30T21:25:29.068Z", "user": 1, "content_type": 4, "object_id": "1", "object_repr": "paul", "action_flag": 2, "change_message": "[{\"changed\": {\"fields\": [\"First name\", \"Last name\"]}}]"}}, {"model": "admin.logentry", "pk": 8, "fields": {"action_time": "2021-09-30T22:51:04.072Z", "user": 1, "content_type": 8, "object_id": "1", "object_repr": "order1", "action_flag": 1, "change_message": "[{\"added\": {}}, {\"added\": {\"name\": \"through model\", \"object\": \"ThroughModel object (1)\"}}, {\"added\": {\"name\": \"through model\", \"object\": \"ThroughModel object (2)\"}}]"}}, {"model": "admin.logentry", "pk": 9, "fields": {"action_time": "2021-09-30T23:17:10.807Z", "user": 1, "content_type": 8, "object_id": "1", "object_repr": "order1", "action_flag": 2, "change_message": "[]"}}, {"model": "admin.logentry", "pk": 10, "fields": {"action_time": "2021-10-01T03:18:09.450Z", "user": 1, "content_type": 8, "object_id": "1", "object_repr": "order1", "action_flag": 2, "change_message": "[{\"changed\": {\"name\": \"through model\", \"object\": \"ThroughModel object (1)\", \"fields\": [\"Quantity\"]}}, {\"changed\": {\"name\": \"through model\", \"object\": \"ThroughModel object (2)\", \"fields\": [\"Quantity\"]}}]"}}, {"model": "admin.logentry", "pk": 11, "fields": {"action_time": "2021-10-01T03:18:14.386Z", "user": 1, "content_type": 8, "object_id": "1", "object_repr": "order1", "action_flag": 2, "change_message": "[]"}}, {"model": "admin.logentry", "pk": 12, "fields": {"action_time": "2021-10-01T04:12:36.057Z", "user": 1, "content_type": 8, "object_id": "5", "object_repr": "order4", "action_flag": 3, "change_message": ""}}, {"model": "admin.logentry", "pk": 13, "fields": {"action_time": "2021-10-01T04:17:19.019Z", "user": 1, "content_type": 8, "object_id": "7", "object_repr": "order5", "action_flag": 3, "change_message": ""}}, {"model": "admin.logentry", "pk": 14, "fields": {"action_time": "2021-10-01T04:17:26.339Z", "user": 1, "content_type": 8, "object_id": "3", "object_repr": "order3", "action_flag": 3, "change_message": ""}}, {"model": "admin.logentry", "pk": 15, "fields": {"action_time": "2021-10-01T04:17:26.345Z", "user": 1, "content_type": 8, "object_id": "2", "object_repr": "order2", "action_flag": 3, "change_message": ""}}, {"model": "admin.logentry", "pk": 16, "fields": {"action_time": "2021-10-01T19:07:20.368Z", "user": 1, "content_type": 8, "object_id": "11", "object_repr": "order9", "action_flag": 3, "change_message": ""}}, {"model": "admin.logentry", "pk": 17, "fields": {"action_time": "2021-10-01T19:07:20.376Z", "user": 1, "content_type": 8, "object_id": "10", "object_repr": "order8", "action_flag": 3, "change_message": ""}}, {"model": "admin.logentry", "pk": 18, "fields": {"action_time": "2021-10-01T19:07:20.383Z", "user": 1, "content_type": 8, "object_id": "9", "object_repr": "order7", "action_flag": 3, "change_message": ""}}, {"model": "admin.logentry", "pk": 19, "fields": {"action_time": "2021-10-01T19:07:20.388Z", "user": 1, "content_type": 8, "object_id": "8", "object_repr": "order6", "action_flag": 3, "change_message": ""}}, {"model": "admin.logentry", "pk": 20, "fields": {"action_time": "2021-10-01T19:07:37.100Z", "user": 1, "content_type": 8, "object_id": "6", "object_repr": "order5", "action_flag": 3, "change_message": ""}}, {"model": "admin.logentry", "pk": 21, "fields": {"action_time": "2021-10-01T19:07:37.108Z", "user": 1, "content_type": 8, "object_id": "4", "object_repr": "order4", "action_flag": 3, "change_message": ""}}, {"model": "admin.logentry", "pk": 22, "fields": {"action_time": "2021-10-01T19:16:19.312Z", "user": 1, "content_type": 8, "object_id": "13", "object_repr": "order3", "action_flag": 3, "change_message": ""}}, {"model": "admin.logentry", "pk": 23, "fields": {"action_time": "2021-10-01T19:16:19.318Z", "user": 1, "content_type": 8, "object_id": "12", "object_repr": "order2", "action_flag": 3, "change_message": ""}}, {"model": "admin.logentry", "pk": 24, "fields": {"action_time": "2021-10-01T19:23:49.459Z", "user": 1, "content_type": 8, "object_id": "17", "object_repr": "order5", "action_flag": 3, "change_message": ""}}, {"model": "admin.logentry", "pk": 25, "fields": {"action_time": "2021-10-01T19:40:37.629Z", "user": 1, "content_type": 8, "object_id": "19", "object_repr": "order6", "action_flag": 3, "change_message": ""}}, {"model": "admin.logentry", "pk": 26, "fields": {"action_time": "2021-10-01T19:40:37.639Z", "user": 1, "content_type": 8, "object_id": "18", "object_repr": "order5", "action_flag": 3, "change_message": ""}}, {"model": "admin.logentry", "pk": 27, "fields": {"action_time": "2021-10-01T19:40:37.656Z", "user": 1, "content_type": 8, "object_id": "16", "object_repr": "order4", "action_flag": 3, "change_message": ""}}, {"model": "admin.logentry", "pk": 28, "fields": {"action_time": "2021-10-01T19:40:37.664Z", "user": 1, "content_type": 8, "object_id": "15", "object_repr": "order3", "action_flag": 3, "change_message": ""}}, {"model": "admin.logentry", "pk": 29, "fields": {"action_time": "2021-10-01T19:40:37.676Z", "user": 1, "content_type": 8, "object_id": "14", "object_repr": "order2", "action_flag": 3, "change_message": ""}}, {"model": "admin.logentry", "pk": 30, "fields": {"action_time": "2021-10-02T12:26:55.668Z", "user": 1, "content_type": 10, "object_id": "4", "object_repr": "tubo de 16\"", "action_flag": 3, "change_message": ""}}, {"model": "admin.logentry", "pk": 31, "fields": {"action_time": "2021-10-02T14:13:32.622Z", "user": 1, "content_type": 8, "object_id": "25", "object_repr": "", "action_flag": 3, "change_message": ""}}, {"model": "admin.logentry", "pk": 32, "fields": {"action_time": "2021-10-06T17:32:04.734Z", "user": 1, "content_type": 8, "object_id": "26", "object_repr": "", "action_flag": 3, "change_message": ""}}, {"model": "admin.logentry", "pk": 33, "fields": {"action_time": "2021-10-06T18:09:45.810Z", "user": 1, "content_type": 8, "object_id": "32", "object_repr": "", "action_flag": 3, "change_message": ""}}, {"model": "admin.logentry", "pk": 34, "fields": {"action_time": "2021-10-06T18:09:45.817Z", "user": 1, "content_type": 8, "object_id": "31", "object_repr": "", "action_flag": 3, "change_message": ""}}, {"model": "admin.logentry", "pk": 35, "fields": {"action_time": "2021-10-06T18:09:45.825Z", "user": 1, "content_type": 8, "object_id": "30", "object_repr": "", "action_flag": 3, "change_message": ""}}, {"model": "admin.logentry", "pk": 36, "fields": {"action_time": "2021-10-06T18:09:45.835Z", "user": 1, "content_type": 8, "object_id": "29", "object_repr": "", "action_flag": 3, "change_message": ""}}, {"model": "admin.logentry", "pk": 37, "fields": {"action_time": "2021-10-06T18:09:45.842Z", "user": 1, "content_type": 8, "object_id": "28", "object_repr": "", "action_flag": 3, "change_message": ""}}, {"model": "admin.logentry", "pk": 38, "fields": {"action_time": "2021-10-06T18:09:45.847Z", "user": 1, "content_type": 8, "object_id": "27", "object_repr": "", "action_flag": 3, "change_message": ""}}, {"model": "admin.logentry", "pk": 39, "fields": {"action_time": "2021-10-06T18:09:56.719Z", "user": 1, "content_type": 8, "object_id": "24", "object_repr": "order6", "action_flag": 3, "change_message": ""}}, {"model": "admin.logentry", "pk": 40, "fields": {"action_time": "2021-10-06T18:09:56.726Z", "user": 1, "content_type": 8, "object_id": "23", "object_repr": "order5", "action_flag": 3, "change_message": ""}}, {"model": "admin.logentry", "pk": 41, "fields": {"action_time": "2021-10-06T18:09:56.732Z", "user": 1, "content_type": 8, "object_id": "22", "object_repr": "order4", "action_flag": 3, "change_message": ""}}, {"model": "admin.logentry", "pk": 42, "fields": {"action_time": "2021-10-06T18:09:56.738Z", "user": 1, "content_type": 8, "object_id": "21", "object_repr": "order3", "action_flag": 3, "change_message": ""}}, {"model": "admin.logentry", "pk": 43, "fields": {"action_time": "2021-10-06T21:01:47.074Z", "user": 1, "content_type": 8, "object_id": "37", "object_repr": "order7", "action_flag": 3, "change_message": ""}}, {"model": "admin.logentry", "pk": 44, "fields": {"action_time": "2021-10-06T21:01:47.081Z", "user": 1, "content_type": 8, "object_id": "36", "object_repr": "order6", "action_flag": 3, "change_message": ""}}, {"model": "admin.logentry", "pk": 45, "fields": {"action_time": "2021-10-06T21:01:47.088Z", "user": 1, "content_type": 8, "object_id": "35", "object_repr": "order5", "action_flag": 3, "change_message": ""}}, {"model": "admin.logentry", "pk": 46, "fields": {"action_time": "2021-10-06T21:01:47.096Z", "user": 1, "content_type": 8, "object_id": "34", "object_repr": "order4", "action_flag": 3, "change_message": ""}}, {"model": "admin.logentry", "pk": 47, "fields": {"action_time": "2021-10-07T04:55:46.732Z", "user": 1, "content_type": 8, "object_id": "41", "object_repr": "order6", "action_flag": 3, "change_message": ""}}, {"model": "admin.logentry", "pk": 48, "fields": {"action_time": "2021-10-07T04:55:46.742Z", "user": 1, "content_type": 8, "object_id": "40", "object_repr": "order5", "action_flag": 3, "change_message": ""}}, {"model": "admin.logentry", "pk": 49, "fields": {"action_time": "2021-10-07T04:55:46.751Z", "user": 1, "content_type": 8, "object_id": "39", "object_repr": "order4", "action_flag": 3, "change_message": ""}}, {"model": "admin.logentry", "pk": 50, "fields": {"action_time": "2021-10-07T04:55:46.756Z", "user": 1, "content_type": 8, "object_id": "38", "object_repr": "order4", "action_flag": 3, "change_message": ""}}, {"model": "admin.logentry", "pk": 51, "fields": {"action_time": "2021-10-07T04:56:56.681Z", "user": 1, "content_type": 8, "object_id": "43", "object_repr": "order4", "action_flag": 3, "change_message": ""}}, {"model": "admin.logentry", "pk": 52, "fields": {"action_time": "2021-10-07T04:56:56.690Z", "user": 1, "content_type": 8, "object_id": "42", "object_repr": "order3", "action_flag": 3, "change_message": ""}}, {"model": "admin.logentry", "pk": 53, "fields": {"action_time": "2021-10-07T04:56:56.698Z", "user": 1, "content_type": 8, "object_id": "33", "object_repr": "order3", "action_flag": 3, "change_message": ""}}, {"model": "admin.logentry", "pk": 54, "fields": {"action_time": "2021-10-09T14:27:36.082Z", "user": 1, "content_type": 8, "object_id": "45", "object_repr": "Instalacion #4335", "action_flag": 2, "change_message": "[{\"changed\": {\"fields\": [\"Status\"]}}]"}}, {"model": "admin.logentry", "pk": 55, "fields": {"action_time": "2021-10-10T02:52:34.902Z", "user": 1, "content_type": 8, "object_id": "49", "object_repr": "Fuse order generic", "action_flag": 3, "change_message": ""}}, {"model": "admin.logentry", "pk": 56, "fields": {"action_time": "2021-10-10T04:01:27.090Z", "user": 1, "content_type": 8, "object_id": "45", "object_repr": "Instalacion #4335", "action_flag": 2, "change_message": "[{\"changed\": {\"fields\": [\"Approval Date\"]}}]"}}, {"model": "admin.logentry", "pk": 57, "fields": {"action_time": "2021-10-10T05:08:10.280Z", "user": 1, "content_type": 4, "object_id": "3", "object_repr": "paulcg2", "action_flag": 2, "change_message": "[{\"changed\": {\"fields\": [\"Email address\"]}}]"}}, {"model": "admin.logentry", "pk": 58, "fields": {"action_time": "2021-10-10T05:45:11.985Z", "user": 1, "content_type": 8, "object_id": "1", "object_repr": "order1", "action_flag": 2, "change_message": "[{\"added\": {\"name\": \"through model\", \"object\": \"ThroughModel object (69)\"}}]"}}, {"model": "admin.logentry", "pk": 59, "fields": {"action_time": "2021-10-10T12:05:51.513Z", "user": 1, "content_type": 8, "object_id": "20", "object_repr": "this is the order 2", "action_flag": 2, "change_message": "[{\"changed\": {\"fields\": [\"Status\", \"User\", \"Approval Date\"]}}]"}}, {"model": "auth.permission", "pk": 1, "fields": {"name": "Can add log entry", "content_type": 1, "codename": "add_logentry"}}, {"model": "auth.permission", "pk": 2, "fields": {"name": "Can change log entry", "content_type": 1, "codename": "change_logentry"}}, {"model": "auth.permission", "pk": 3, "fields": {"name": "Can delete log entry", "content_type": 1, "codename": "delete_logentry"}}, {"model": "auth.permission", "pk": 4, "fields": {"name": "Can view log entry", "content_type": 1, "codename": "view_logentry"}}, {"model": "auth.permission", "pk": 5, "fields": {"name": "Can add permission", "content_type": 2, "codename": "add_permission"}}, {"model": "auth.permission", "pk": 6, "fields": {"name": "Can change permission", "content_type": 2, "codename": "change_permission"}}, {"model": "auth.permission", "pk": 7, "fields": {"name": "Can delete permission", "content_type": 2, "codename": "delete_permission"}}, {"model": "auth.permission", "pk": 8, "fields": {"name": "Can view permission", "content_type": 2, "codename": "view_permission"}}, {"model": "auth.permission", "pk": 9, "fields": {"name": "Can add group", "content_type": 3, "codename": "add_group"}}, {"model": "auth.permission", "pk": 10, "fields": {"name": "Can change group", "content_type": 3, "codename": "change_group"}}, {"model": "auth.permission", "pk": 11, "fields": {"name": "Can delete group", "content_type": 3, "codename": "delete_group"}}, {"model": "auth.permission", "pk": 12, "fields": {"name": "Can view group", "content_type": 3, "codename": "view_group"}}, {"model": "auth.permission", "pk": 13, "fields": {"name": "Can add user", "content_type": 4, "codename": "add_user"}}, {"model": "auth.permission", "pk": 14, "fields": {"name": "Can change user", "content_type": 4, "codename": "change_user"}}, {"model": "auth.permission", "pk": 15, "fields": {"name": "Can delete user", "content_type": 4, "codename": "delete_user"}}, {"model": "auth.permission", "pk": 16, "fields": {"name": "Can view user", "content_type": 4, "codename": "view_user"}}, {"model": "auth.permission", "pk": 17, "fields": {"name": "Can add content type", "content_type": 5, "codename": "add_contenttype"}}, {"model": "auth.permission", "pk": 18, "fields": {"name": "Can change content type", "content_type": 5, "codename": "change_contenttype"}}, {"model": "auth.permission", "pk": 19, "fields": {"name": "Can delete content type", "content_type": 5, "codename": "delete_contenttype"}}, {"model": "auth.permission", "pk": 20, "fields": {"name": "Can view content type", "content_type": 5, "codename": "view_contenttype"}}, {"model": "auth.permission", "pk": 21, "fields": {"name": "Can add session", "content_type": 6, "codename": "add_session"}}, {"model": "auth.permission", "pk": 22, "fields": {"name": "Can change session", "content_type": 6, "codename": "change_session"}}, {"model": "auth.permission", "pk": 23, "fields": {"name": "Can delete session", "content_type": 6, "codename": "delete_session"}}, {"model": "auth.permission", "pk": 24, "fields": {"name": "Can view session", "content_type": 6, "codename": "view_session"}}, {"model": "auth.permission", "pk": 25, "fields": {"name": "Can add category", "content_type": 7, "codename": "add_category"}}, {"model": "auth.permission", "pk": 26, "fields": {"name": "Can change category", "content_type": 7, "codename": "change_category"}}, {"model": "auth.permission", "pk": 27, "fields": {"name": "Can delete category", "content_type": 7, "codename": "delete_category"}}, {"model": "auth.permission", "pk": 28, "fields": {"name": "Can view category", "content_type": 7, "codename": "view_category"}}, {"model": "auth.permission", "pk": 29, "fields": {"name": "Can add order", "content_type": 8, "codename": "add_order"}}, {"model": "auth.permission", "pk": 30, "fields": {"name": "Can change order", "content_type": 8, "codename": "change_order"}}, {"model": "auth.permission", "pk": 31, "fields": {"name": "Can delete order", "content_type": 8, "codename": "delete_order"}}, {"model": "auth.permission", "pk": 32, "fields": {"name": "Can view order", "content_type": 8, "codename": "view_order"}}, {"model": "auth.permission", "pk": 33, "fields": {"name": "Can add pedidos user", "content_type": 9, "codename": "add_pedidosuser"}}, {"model": "auth.permission", "pk": 34, "fields": {"name": "Can change pedidos user", "content_type": 9, "codename": "change_pedidosuser"}}, {"model": "auth.permission", "pk": 35, "fields": {"name": "Can delete pedidos user", "content_type": 9, "codename": "delete_pedidosuser"}}, {"model": "auth.permission", "pk": 36, "fields": {"name": "Can view pedidos user", "content_type": 9, "codename": "view_pedidosuser"}}, {"model": "auth.permission", "pk": 37, "fields": {"name": "Can add product", "content_type": 10, "codename": "add_product"}}, {"model": "auth.permission", "pk": 38, "fields": {"name": "Can change product", "content_type": 10, "codename": "change_product"}}, {"model": "auth.permission", "pk": 39, "fields": {"name": "Can delete product", "content_type": 10, "codename": "delete_product"}}, {"model": "auth.permission", "pk": 40, "fields": {"name": "Can view product", "content_type": 10, "codename": "view_product"}}, {"model": "auth.permission", "pk": 41, "fields": {"name": "Can add through model", "content_type": 11, "codename": "add_throughmodel"}}, {"model": "auth.permission", "pk": 42, "fields": {"name": "Can change through model", "content_type": 11, "codename": "change_throughmodel"}}, {"model": "auth.permission", "pk": 43, "fields": {"name": "Can delete through model", "content_type": 11, "codename": "delete_throughmodel"}}, {"model": "auth.permission", "pk": 44, "fields": {"name": "Can view through model", "content_type": 11, "codename": "view_throughmodel"}}, {"model": "auth.permission", "pk": 45, "fields": {"name": "Can add po", "content_type": 12, "codename": "add_po"}}, {"model": "auth.permission", "pk": 46, "fields": {"name": "Can change po", "content_type": 12, "codename": "change_po"}}, {"model": "auth.permission", "pk": 47, "fields": {"name": "Can delete po", "content_type": 12, "codename": "delete_po"}}, {"model": "auth.permission", "pk": 48, "fields": {"name": "Can view po", "content_type": 12, "codename": "view_po"}}, {"model": "auth.user", "pk": 1, "fields": {"password": "pbkdf2_sha256$260000$Ac1zCR3Zmk0DrzmUucX4DX$oULEHXT3smPI3tjnT7MCqiG8PbzN3axh2iEqHGuArrM=", "last_login": "2022-02-16T16:59:48.992Z", "is_superuser": true, "username": "paul", "first_name": "Paul", "last_name": "Cabeza", "email": "paul@pedidosmelectric.net", "is_staff": true, "is_active": true, "date_joined": "2021-09-30T21:19:51Z", "groups": [], "user_permissions": []}}, {"model": "auth.user", "pk": 2, "fields": {"password": "pbkdf2_sha256$260000$pYGMZJLSjWc4EsqbJ4DF45$VPu+bnRKVNnUZSLwsmdpY2kc1nmMCorA8qtXWGMDP90=", "last_login": "2022-02-16T16:44:35.765Z", "is_superuser": false, "username": "paulcg1", "first_name": "Ovidio", "last_name": "Cabeza", "email": "paulcg1@pedidosmelectric.net", "is_staff": false, "is_active": true, "date_joined": "2021-09-30T23:24:10.601Z", "groups": [], "user_permissions": []}}, {"model": "auth.user", "pk": 3, "fields": {"password": "pbkdf2_sha256$260000$XYF7lelBZU0GZNEZZb3IV8$HdOBCRHdH3ZyRsK9w7P/AWwU3S3MZ2l4vIThw8z8Q6U=", "last_login": "2021-12-15T05:00:33.257Z", "is_superuser": false, "username": "paulcg2", "first_name": "Jose", "last_name": "Cabeza", "email": "paulcg2@pedidosmelectric.net", "is_staff": false, "is_active": true, "date_joined": "2021-10-09T13:16:45Z", "groups": [], "user_permissions": []}}, {"model": "auth.user", "pk": 4, "fields": {"password": "pbkdf2_sha256$260000$jG4BnyWE1o09pyHTYuIdEq$q0IFSY4+ihCZRWWhB/c7zjij2VjSwH50cZJ3wmW7r0E=", "last_login": "2022-01-17T10:27:22.444Z", "is_superuser": false, "username": "paul1cabeza", "first_name": "paul1", "last_name": "cabeza", "email": "paul1@cabeza.com", "is_staff": false, "is_active": true, "date_joined": "2022-01-13T20:50:38.286Z", "groups": [], "user_permissions": []}}, {"model": "auth.user", "pk": 5, "fields": {"password": "pbkdf2_sha256$260000$Bfo9AgcYXe4nthemkLNfNa$I3tEpYOXClYYfnwAl8DcduNDHXsD7rgrio+OoX7XR2U=", "last_login": "2022-01-17T02:01:25.566Z", "is_superuser": false, "username": "paul2cabeza", "first_name": "paul2", "last_name": "cabeza", "email": "paul2@cabeza.com", "is_staff": false, "is_active": true, "date_joined": "2022-01-13T21:02:17.182Z", "groups": [], "user_permissions": []}}, {"model": "auth.user", "pk": 13, "fields": {"password": "pbkdf2_sha256$260000$bd1ljKUW2QmE55K78SddRa$tynZZrpVJJgcWlJTzSlSWha5Kw7o+ETZ3OvElAGx4vo=", "last_login": "2022-01-17T16:25:59.472Z", "is_superuser": false, "username": "paul3cabeza", "first_name": "paul3", "last_name": "cabeza", "email": "paul3@cabeza.com", "is_staff": false, "is_active": true, "date_joined": "2022-01-17T16:25:49.848Z", "groups": [], "user_permissions": []}}, {"model": "contenttypes.contenttype", "pk": 1, "fields": {"app_label": "admin", "model": "logentry"}}, {"model": "contenttypes.contenttype", "pk": 2, "fields": {"app_label": "auth", "model": "permission"}}, {"model": "contenttypes.contenttype", "pk": 3, "fields": {"app_label": "auth", "model": "group"}}, {"model": "contenttypes.contenttype", "pk": 4, "fields": {"app_label": "auth", "model": "user"}}, {"model": "contenttypes.contenttype", "pk": 5, "fields": {"app_label": "contenttypes", "model": "contenttype"}}, {"model": "contenttypes.contenttype", "pk": 6, "fields": {"app_label": "sessions", "model": "session"}}, {"model": "contenttypes.contenttype", "pk": 7, "fields": {"app_label": "dashboard", "model": "category"}}, {"model": "contenttypes.contenttype", "pk": 8, "fields": {"app_label": "dashboard", "model": "order"}}, {"model": "contenttypes.contenttype", "pk": 9, "fields": {"app_label": "dashboard", "model": "pedidosuser"}}, {"model": "contenttypes.contenttype", "pk": 10, "fields": {"app_label": "dashboard", "model": "product"}}, {"model": "contenttypes.contenttype", "pk": 11, "fields": {"app_label": "dashboard", "model": "throughmodel"}}, {"model": "contenttypes.contenttype", "pk": 12, "fields": {"app_label": "dashboard", "model": "po"}}, {"model": "sessions.session", "pk": "1j92r0ibrcbji57vwxw7vgj7569bcj6c", "fields": {"session_data": ".eJxVjMsOwiAQRf-FtSHDQ2Bcuu83kAGmUjU0Ke3K-O_apAvd3nPOfYlI21rj1nmJUxEXocTpd0uUH9x2UO7UbrPMc1uXKcldkQftcpgLP6-H-3dQqddvTdZyYALwTnsoARV6tL4YCKkEbRCCQrCscnKU9chGGXY46rNKGoMR7w-6Jza9:1mXVEA:OiaO2JpfIS5K2bNWhc_OpCsOZdOtIjjlm5foC2R7kQM", "expire_date": "2021-10-18T21:10:26.537Z"}}, {"model": "sessions.session", "pk": "52ql39oyelwcvdoi7kbw3bcqho2i0nlm", "fields": {"session_data": ".eJxVjEEOwiAQRe_C2hCG0hZcuvcMZJgZpGpoUtqV8e7apAvd_vfef6mI21ri1mSJE6uzsur0uyWkh9Qd8B3rbdY013WZkt4VfdCmrzPL83K4fwcFW_nWlIPpgkcizAQecu-8y0zJDmDS4MBBGC1bSSNCNtBJ8OyIEjiBHrJ6fwDz1zgj:1mr1vU:1sXfv_tGKcBb81Cs1boVY3PvsaG-4D3ZKE_eqDyXBwM", "expire_date": "2021-12-11T17:55:52.719Z"}}, {"model": "sessions.session", "pk": "68tmibmi2x3piji9sdb78vngu486fld5", "fields": {"session_data": ".eJxVjMsOwiAQRf-FtSHDQ2Bcuu83kAGmUjU0Ke3K-O_apAvd3nPOfYlI21rj1nmJUxEXocTpd0uUH9x2UO7UbrPMc1uXKcldkQftcpgLP6-H-3dQqddvTdZyYALwTnsoARV6tL4YCKkEbRCCQrCscnKU9chGGXY46rNKGoMR7w-6Jza9:1mr21B:wbOSKP7pjVY9DOPlu0cwAOH8zUrzK1DA2DvLmyUYFn0", "expire_date": "2021-12-11T18:01:45.887Z"}}, {"model": "sessions.session", "pk": "6ip2s77c6tzgr7p5lkawkvbi9pcyfnjf", "fields": {"session_data": ".eJxVjMsOwiAQRf-FtSHDQ2Bcuu83kAGmUjU0Ke3K-O_apAvd3nPOfYlI21rj1nmJUxEXocTpd0uUH9x2UO7UbrPMc1uXKcldkQftcpgLP6-H-3dQqddvTdZyYALwTnsoARV6tL4YCKkEbRCCQrCscnKU9chGGXY46rNKGoMR7w-6Jza9:1malc4:3f9ne6-fA5DRTPt43mezR0V-zHjSgiK1wPdfbLHFQB0", "expire_date": "2021-10-27T21:16:36.437Z"}}, {"model": "sessions.session", "pk": "7wbofe3wc30y38t7itdhv11x2sxswz4g", "fields": {"session_data": ".eJxVjMsOwiAQRf-FtSHDQ2Bcuu83kAGmUjU0Ke3K-O_apAvd3nPOfYlI21rj1nmJUxEXocTpd0uUH9x2UO7UbrPMc1uXKcldkQftcpgLP6-H-3dQqddvTdZyYALwTnsoARV6tL4YCKkEbRCCQrCscnKU9chGGXY46rNKGoMR7w-6Jza9:1mycZw:iryRQh-v5BHMlqU-lZYsjr90gZzrN1as5m0JgmxZnOY", "expire_date": "2022-01-01T16:29:00.246Z"}}, {"model": "sessions.session", "pk": "8s5txh42lda1r809gluktyegk5o3v6bp", "fields": {"session_data": ".eJxVjEEOwiAQRe_C2hCG0hZcuvcMZJgZpGpoUtqV8e7apAvd_vfef6mI21ri1mSJE6uzsur0uyWkh9Qd8B3rbdY013WZkt4VfdCmrzPL83K4fwcFW_nWlIPpgkcizAQecu-8y0zJDmDS4MBBGC1bSSNCNtBJ8OyIEjiBHrJ6fwDz1zgj:1mW5PY:sr0pOh8_7ASgPrsqBfSrzIe1aDFngpftFOIcmC9KNVU", "expire_date": "2021-10-14T23:24:20.110Z"}}, {"model": "sessions.session", "pk": "bpcd18r94b9kojflc9sdhini95xa3c01", "fields": {"session_data": ".eJxVjMsOwiAQRf-FtSHDQ2Bcuu83kAGmUjU0Ke3K-O_apAvd3nPOfYlI21rj1nmJUxEXocTpd0uUH9x2UO7UbrPMc1uXKcldkQftcpgLP6-H-3dQqddvTdZyYALwTnsoARV6tL4YCKkEbRCCQrCscnKU9chGGXY46rNKGoMR7w-6Jza9:1mYAlT:IUxiUpTgcSzSXk433uoRaxMs_c8_mGRsnrBZbpGDqZs", "expire_date": "2021-10-20T17:31:35.195Z"}}, {"model": "sessions.session", "pk": "dg4x9d044kaoiss0z04l6hlqkl0jurkz", "fields": {"session_data": ".eJxVjEEOwiAQRe_C2hCG0hZcuvcMZJgZpGpoUtqV8e7apAvd_vfef6mI21ri1mSJE6uzsur0uyWkh9Qd8B3rbdY013WZkt4VfdCmrzPL83K4fwcFW_nWlIPpgkcizAQecu-8y0zJDmDS4MBBGC1bSSNCNtBJ8OyIEjiBHrJ6fwDz1zgj:1mycV2:pXKsfzKcAU9-prp9ymh9sgK2FyT_O3NWhuJty2gEt6Y", "expire_date": "2022-01-01T16:23:56.577Z"}}, {"model": "sessions.session", "pk": "joly7eumgtmtnqhkp4ye9l8yeumcd8rv", "fields": {"session_data": ".eJxVjEEOwiAQRe_C2hCG0hZcuvcMZJgZpGpoUtqV8e7apAvd_vfef6mI21ri1mSJE6uzsur0uyWkh9Qd8B3rbdY013WZkt4VfdCmrzPL83K4fwcFW_nWlIPpgkcizAQecu-8y0zJDmDS4MBBGC1bSSNCNtBJ8OyIEjiBHrJ6fwDz1zgj:1mYDlZ:YPwWRcE3ocgEsgGqn2dvWAet-55bcOxrE3qUgyXmglg", "expire_date": "2021-10-20T20:43:53.143Z"}}, {"model": "sessions.session", "pk": "p6gychecg40bo49x34lic6jhc4mgdzt0", "fields": {"session_data": ".eJxVjMsOwiAQRf-FtSHDQ2Bcuu83kAGmUjU0Ke3K-O_apAvd3nPOfYlI21rj1nmJUxEXocTpd0uUH9x2UO7UbrPMc1uXKcldkQftcpgLP6-H-3dQqddvTdZyYALwTnsoARV6tL4YCKkEbRCCQrCscnKU9chGGXY46rNKGoMR7w-6Jza9:1mW3TG:EjBUuB41npPhK12KumrURrAuSXW5pbrFqnfKx5WFJH0", "expire_date": "2021-10-14T21:20:02.173Z"}}, {"model": "sessions.session", "pk": "p7i437c72bfaa7w9k63zxefca5v7mc1c", "fields": {"session_data": ".eJxVjMEKwyAQRP_FcxF0NdEee-83yLqrNW1RiMkp9N-bQA7taWDem9lEwHUpYe1pDhOLq1AgLr9lRHqlehB-Yn00Sa0u8xTlociTdnlvnN630_07KNjLvganCQ0DoRu0doh5D0XeZGOBtNXOx5ydHXHw0ZoxJm8JAXhg8KyM-HwBAIc34g:1n9UpT:M3pgW7ZrOS2d4Do5GHPbRxR7-t48fvOnMQhzlpwei74", "expire_date": "2022-01-31T16:25:59.498Z"}}, {"model": "sessions.session", "pk": "rposa6vewwe4ggwqfxtjwrc6c73qgojd", "fields": {"session_data": ".eJxVjMsOwiAQRf-FtSHDQ2Bcuu83kAGmUjU0Ke3K-O_apAvd3nPOfYlI21rj1nmJUxEXocTpd0uUH9x2UO7UbrPMc1uXKcldkQftcpgLP6-H-3dQqddvTdZyYALwTnsoARV6tL4YCKkEbRCCQrCscnKU9chGGXY46rNKGoMR7w-6Jza9:1mZhin:B9UmCSo97KsBGymS7HgioAPuAnW6s__MfuLpV6INc80", "expire_date": "2021-10-24T22:55:09.317Z"}}, {"model": "sessions.session", "pk": "u84oyjz0o36beifszbnb9rqi38zw7d60", "fields": {"session_data": ".eJxVjEEOwiAQRe_C2hCG0hZcuvcMZJgZpGpoUtqV8e7apAvd_vfef6mI21ri1mSJE6uzsur0uyWkh9Qd8B3rbdY013WZkt4VfdCmrzPL83K4fwcFW_nWlIPpgkcizAQecu-8y0zJDmDS4MBBGC1bSSNCNtBJ8OyIEjiBHrJ6fwDz1zgj:1mXThe:lz-yEqpSa7wHc9lABs8fGwlmpJi7lBH5X5u35Y0cMDQ", "expire_date": "2021-10-18T19:32:46.438Z"}}, {"model": "sessions.session", "pk": "ussyt2ulx2wevw13q9j46rzlyeexp2u7", "fields": {"session_data": ".eJxVjEEOwiAQRe_C2hCG0hZcuvcMZJgZpGpoUtqV8e7apAvd_vfef6mI21ri1mSJE6uzsur0uyWkh9Qd8B3rbdY013WZkt4VfdCmrzPL83K4fwcFW_nWlIPpgkcizAQecu-8y0zJDmDS4MBBGC1bSSNCNtBJ8OyIEjiBHrJ6fwDz1zgj:1mmEEV:vg7HH9seV10AN3aiDxmKhqv6caKq-ovRcAL6U_0xSZc", "expire_date": "2021-11-28T12:03:39.991Z"}}, {"model": "sessions.session", "pk": "xzijizhi61j8jcksq7770vjv9e20ffqj", "fields": {"session_data": ".eJxVjMsOwiAQRf-FtSHDQ2Bcuu83kAGmUjU0Ke3K-O_apAvd3nPOfYlI21rj1nmJUxEXocTpd0uUH9x2UO7UbrPMc1uXKcldkQftcpgLP6-H-3dQqddvTdZyYALwTnsoARV6tL4YCKkEbRCCQrCscnKU9chGGXY46rNKGoMR7w-6Jza9:1nKNee:LtB9fXXIHKrVn5N5RTB-5OtBJgjr6ky1ymg_VAaBxqc", "expire_date": "2022-03-02T16:59:48.999Z"}}, {"model": "sessions.session", "pk": "ymfb8u4dqm46o4f8z2sr9hty80socfe6", "fields": {"session_data": ".eJxVjMsOwiAQRf-FtSHDQ2Bcuu83kAGmUjU0Ke3K-O_apAvd3nPOfYlI21rj1nmJUxEXocTpd0uUH9x2UO7UbrPMc1uXKcldkQftcpgLP6-H-3dQqddvTdZyYALwTnsoARV6tL4YCKkEbRCCQrCscnKU9chGGXY46rNKGoMR7w-6Jza9:1n9TKS:aoQ7jtFdt7Y3KgTREgeEX1mjqKazHD1zpGrzgjVnqok", "expire_date": "2022-01-31T14:49:52.572Z"}}, {"model": "dashboard.po", "pk": 2, "fields": {"po_number": 211108, "status": "Closed", "created": "2021-11-30T21:53:35.820Z"}}, {"model": "dashboard.po", "pk": 44, "fields": {"po_number": 211207, "status": "Active", "created": "2021-12-10T13:54:37.796Z"}}, {"model": "dashboard.po", "pk": 45, "fields": {"po_number": 211208, "status": "Active", "created": "2021-12-10T13:54:38.535Z"}}, {"model": "dashboard.po", "pk": 48, "fields": {"po_number": 211209, "status": "Closed", "created": "2021-12-10T21:22:32.667Z"}}, {"model": "dashboard.po", "pk": 49, "fields": {"po_number": 211210, "status": "Closed", "created": "2021-12-10T21:22:35.668Z"}}, {"model": "dashboard.po", "pk": 50, "fields": {"po_number": 211211, "status": "Closed", "created": "2021-12-10T21:22:38.581Z"}}, {"model": "dashboard.po", "pk": 51, "fields": {"po_number": 211212, "status": "Active", "created": "2021-12-13T19:36:25.531Z"}}, {"model": "dashboard.po", "pk": 52, "fields": {"po_number": 211213, "status": "Active", "created": "2021-12-19T04:48:34.960Z"}}, {"model": "dashboard.po", "pk": 57, "fields": {"po_number": 220101, "status": "Closed", "created": "2022-01-17T10:49:45.934Z"}}, {"model": "dashboard.category", "pk": 1, "fields": {"category_name": "Fusis"}}, {"model": "dashboard.category", "pk": 2, "fields": {"category_name": "Light"}}, {"model": "dashboard.category", "pk": 5, "fields": {"category_name": "Screws"}}, {"model": "dashboard.category", "pk": 6, "fields": {"category_name": "Random Cat"}}, {"model": "dashboard.category", "pk": 7, "fields": {"category_name": "Random Cat3"}}, {"model": "dashboard.product", "pk": 1, "fields": {"product_name": "tubo de 10\"", "category": 1}}, {"model": "dashboard.product", "pk": 2, "fields": {"product_name": "tubo de 12\"", "category": 2}}, {"model": "dashboard.product", "pk": 3, "fields": {"product_name": "tubo de 14\"", "category": 2}}, {"model": "dashboard.product", "pk": 6, "fields": {"product_name": "tubo de 18\"", "category": 1}}, {"model": "dashboard.product", "pk": 7, "fields": {"product_name": "tubo de 20\"", "category": 1}}, {"model": "dashboard.product", "pk": 9, "fields": {"product_name": "fuse medium size", "category": 1}}, {"model": "dashboard.product", "pk": 10, "fields": {"product_name": "AL XHHW #4 STR BLACK PCS", "category": null}}, {"model": "dashboard.product", "pk": 11, "fields": {"product_name": "60A/2P AIR CONDITIONING N", "category": null}}, {"model": "dashboard.product", "pk": 12, "fields": {"product_name": "3/4\" EMT CONDUIT", "category": null}}, {"model": "dashboard.product", "pk": 13, "fields": {"product_name": "3/4\" NM L/T PCS", "category": null}}, {"model": "dashboard.product", "pk": 14, "fields": {"product_name": "3/4\" N/M LT 90D CONN GY", "category": null}}, {"model": "dashboard.product", "pk": 15, "fields": {"product_name": "1/2\" N/M LT STRAIGHT CONN", "category": null}}, {"model": "dashboard.product", "pk": 16, "fields": {"product_name": "3/4\" N/M LT STRAIGHT CONN", "category": null}}, {"model": "dashboard.product", "pk": 17, "fields": {"product_name": "CLEARGLIDE, 1-QUART SQUEE", "category": null}}, {"model": "dashboard.product", "pk": 18, "fields": {"product_name": "1/4\"X10' SILVER ALL THREA", "category": 6}}, {"model": "dashboard.product", "pk": 19, "fields": {"product_name": "AL XHHW #1 STR BLACK PCS", "category": 1}}, {"model": "dashboard.order", "pk": 20, "fields": {"description": "this is the order 2 version 2", "status": "Approved", "po": null, "user": 2, "created": "2021-10-01T19:40:59.919Z", "approval_date": "2021-10-10T12:06:14.010Z"}}, {"model": "dashboard.order", "pk": 45, "fields": {"description": "Instalacion #4335", "status": "Approved", "po": 2, "user": 2, "created": "2021-10-09T11:02:34.652Z", "approval_date": "2021-10-09T04:01:24Z"}}, {"model": "dashboard.order", "pk": 47, "fields": {"description": "Nueva instalacion smart home", "status": "Approved", "po": 2, "user": 3, "created": "2021-10-09T13:18:18.996Z", "approval_date": "2021-12-18T17:34:13.503Z"}}, {"model": "dashboard.order", "pk": 48, "fields": {"description": "order100", "status": "Approved", "po": 51, "user": 2, "created": "2021-12-13T20:11:01.912Z", "approval_date": "2021-12-15T05:13:45.409Z"}}, {"model": "dashboard.order", "pk": 49, "fields": {"description": "order101", "status": "Approved", "po": 51, "user": 2, "created": "2021-12-15T04:54:23.453Z", "approval_date": "2021-12-15T05:14:39.856Z"}}, {"model": "dashboard.order", "pk": 50, "fields": {"description": "order102", "status": "Approved", "po": 51, "user": 2, "created": "2021-12-15T04:55:04.530Z", "approval_date": "2021-12-15T04:58:01.275Z"}}, {"model": "dashboard.order", "pk": 51, "fields": {"description": "order103", "status": "Approved", "po": 51, "user": 3, "created": "2021-12-15T05:01:17.256Z", "approval_date": "2021-12-15T05:01:32.897Z"}}, {"model": "dashboard.order", "pk": 52, "fields": {"description": "order104", "status": "Approved", "po": 51, "user": 2, "created": "2021-12-15T05:22:03.884Z", "approval_date": "2021-12-15T05:22:28.632Z"}}, {"model": "dashboard.order", "pk": 53, "fields": {"description": "order105", "status": "Approved", "po": 51, "user": 2, "created": "2021-12-15T05:23:12.642Z", "approval_date": "2021-12-15T05:23:28.381Z"}}, {"model": "dashboard.order", "pk": 55, "fields": {"description": "Order for instalation number 5", "status": "Approved", "po": 52, "user": 5, "created": "2022-01-17T02:06:18.566Z", "approval_date": "2022-01-17T02:06:43.492Z"}}, {"model": "dashboard.order", "pk": 56, "fields": {"description": "test order 1", "status": "Pending", "po": 52, "user": 5, "created": "2022-01-17T10:26:21.686Z", "approval_date": null}}, {"model": "dashboard.order", "pk": 57, "fields": {"description": "order test 2", "status": "Pending", "po": 52, "user": 4, "created": "2022-01-17T10:27:56.796Z", "approval_date": null}}, {"model": "dashboard.order", "pk": 58, "fields": {"description": "test order 3", "status": "Approved", "po": 52, "user": 13, "created": "2022-01-17T17:39:33.156Z", "approval_date": "2022-01-17T17:40:00.809Z"}}, {"model": "dashboard.throughmodel", "pk": 21, "fields": {"product": 1, "order": 20, "quantity": 10}}, {"model": "dashboard.throughmodel", "pk": 22, "fields": {"product": 2, "order": 20, "quantity": 12}}, {"model": "dashboard.throughmodel", "pk": 23, "fields": {"product": 3, "order": 20, "quantity": 14}}, {"model": "dashboard.throughmodel", "pk": 51, "fields": {"product": 6, "order": 45, "quantity": 18}}, {"model": "dashboard.throughmodel", "pk": 52, "fields": {"product": 3, "order": 45, "quantity": 14}}, {"model": "dashboard.throughmodel", "pk": 70, "fields": {"product": 6, "order": 48, "quantity": 8}}, {"model": "dashboard.throughmodel", "pk": 71, "fields": {"product": 11, "order": 48, "quantity": 9}}, {"model": "dashboard.throughmodel", "pk": 72, "fields": {"product": 12, "order": 49, "quantity": 8}}, {"model": "dashboard.throughmodel", "pk": 73, "fields": {"product": 11, "order": 49, "quantity": 9}}, {"model": "dashboard.throughmodel", "pk": 74, "fields": {"product": 16, "order": 50, "quantity": 8}}, {"model": "dashboard.throughmodel", "pk": 75, "fields": {"product": 11, "order": 50, "quantity": 9}}, {"model": "dashboard.throughmodel", "pk": 76, "fields": {"product": 6, "order": 51, "quantity": 8}}, {"model": "dashboard.throughmodel", "pk": 77, "fields": {"product": 11, "order": 51, "quantity": 9}}, {"model": "dashboard.throughmodel", "pk": 80, "fields": {"product": 6, "order": 52, "quantity": 7}}, {"model": "dashboard.throughmodel", "pk": 83, "fields": {"product": 6, "order": 53, "quantity": 7}}, {"model": "dashboard.throughmodel", "pk": 84, "fields": {"product": 11, "order": 53, "quantity": 8}}, {"model": "dashboard.throughmodel", "pk": 85, "fields": {"product": 7, "order": 47, "quantity": 20}}, {"model": "dashboard.throughmodel", "pk": 90, "fields": {"product": 10, "order": 55, "quantity": 8}}, {"model": "dashboard.throughmodel", "pk": 91, "fields": {"product": 19, "order": 55, "quantity": 5}}, {"model": "dashboard.throughmodel", "pk": 92, "fields": {"product": 13, "order": 56, "quantity": 5}}, {"model": "dashboard.throughmodel", "pk": 93, "fields": {"product": 17, "order": 56, "quantity": 6}}, {"model": "dashboard.throughmodel", "pk": 94, "fields": {"product": 19, "order": 56, "quantity": 7}}, {"model": "dashboard.throughmodel", "pk": 95, "fields": {"product": 11, "order": 57, "quantity": 8}}, {"model": "dashboard.throughmodel", "pk": 96, "fields": {"product": 15, "order": 57, "quantity": 9}}, {"model": "dashboard.throughmodel", "pk": 97, "fields": {"product": 17, "order": 57, "quantity": 10}}, {"model": "dashboard.throughmodel", "pk": 101, "fields": {"product": 2, "order": 58, "quantity": 12}}, {"model": "dashboard.throughmodel", "pk": 102, "fields": {"product": 3, "order": 58, "quantity": 14}}, {"model": "dashboard.throughmodel", "pk": 103, "fields": {"product": 6, "order": 58, "quantity": 15}}]